-- Bảng NHAN_VIEN
INSERT INTO NHAN_VIEN VALUEs ('N01', N'Trần Minh',N'Anh',N'Nam','1993-07-03', N'Quận 4,TPHCM','0347236974','2023-04-30', 5000000,'C02');
INSERT INTO NHAN_VIEN VALUEs ('N02', N'Lê Hùng',N'Bình',N'Nam','1995-09-25',	N'Quận 5,TPHCM','0902005505','2022-02-02',6000000,'C04');
INSERT INTO NHAN_VIEN VALUEs ('N03', N'Vũ Thị Ngọc', N'My', N'Nữ',	'1985-02-06',	N'Quận 1,TPHCM','0322995074','2021-12-09',10000000,'C01');
INSERT INTO NHAN_VIEN VALUEs ('N04', N'Lâm Thái',N'Nguyên',N'Nam','2000-04-30',	N'Quận 3,TPHCM','0798853128','2021-01-29',6000000,'C04');
INSERT INTO NHAN_VIEN VALUEs ('N05', N'Nguyễn Phương Thúy', N'Hà',N'Nữ', '2000-12-04',	N'Quận 4,TPHCM','0945864746','2021-11-01',5500000,'C03');
INSERT INTO NHAN_VIEN VALUEs ('N06', N'Trương Thị Tú',N'Oanh',N'Nữ','1989-08-23',	N'Quận 8,TPHCM','0922404419','2022-09-17',5000000,'C02');
INSERT INTO NHAN_VIEN VALUEs ('N07', N'Bùi Hoàng',N'Tài',N'Nam','1995-10-11',	N'Quận 10,TPHCM','0784855118','2023-05-23',5500000,'C03');
INSERT INTO NHAN_VIEN VALUEs ('N08', N'Hồ Trần Thanh',N'Nhân',N'Nam','1992-09-05',	N'Quận 2,TPHCM','0908312446','2022-07-14',6000000,'C04');
INSERT INTO NHAN_VIEN VALUEs ('N09', N'Lê Văn',N'Tín',N'Nam','1991-01-23',N'Quận 1,TPHCM','0998364986','2022-11-30',5000000,'C02');
INSERT INTO NHAN_VIEN VALUEs ('N10', N'Võ Huyền',N'Vy',N'Nữ','1997-03-07',	N'Quận 10,TPHCM' ,'0947628046','2021-01-17',  5000000,'C02');

-- Bảng CHUC_VU
INSERT INTO CHUC_VU VALUEs ( 'C01',N'Nhân viên quản lý', N'Trong coi cửa hàng, phụ trách đặt hàng')
INSERT INTO CHUC_VU VALUEs ('C02', N'Nhân viên bán hàng', N' Tư vấn hỗ trợ khách hàng')
INSERT INTO CHUC_VU VALUEs ('C03', N'Nhân viên thu ngân', N' Thu tiền và lập hóa đơn')
INSERT INTO CHUC_VU VALUEs ('C04', N'Nhân viên kiểm tra kho', N' Kiểm kho, lập phiếu kiểm tồn kho và lập phiếu nhập hàng')

-- Bảng KHACH_HANG
INSERT INTO KHACH_HANG VALUEs ('KH001',N'Châu Yến',N'Linh',N'Nữ','2003-07-12',N'Quận 5,TPHCM','0915770055','T0001','N01')
INSERT INTO KHACH_HANG VALUEs ('KH002',N'Đào Hoàng',N'Long',N'Nam','2000-03-30',N'Quận 10,TPHCM','0962264666','T0002','N09')
INSERT INTO KHACH_HANG VALUEs ('KH003',N'Nguyễn Thị Hương',N'Ly',N'Nữ','1993-12-07',N'Quận 1,TPHCM','0984797922','T0003','N06')
INSERT INTO KHACH_HANG VALUEs ('KH004',N'Lê Kim',N'Ngọc', N'Nữ','2002-11-27',N'Bình Dương','0973017777','T0004','N01')
INSERT INTO KHACH_HANG VALUEs ('KH005',N'Bùi Thiên',N'Quang',N'Nam','1997-06-15',N'Thủ Đức','0783902333','T0005','N10')
INSERT INTO KHACH_HANG VALUEs ('KH006',N'Trần Thị',N'Hồng',N'Nữ','1990-08-01',N'Quận 8,TPHCM','0869361319','T0006','N01')
INSERT INTO KHACH_HANG VALUEs ('KH007',N'Đoàn Phương', N'Thảo', N'Nữ','2002-12-30',N'Quận 10,TPHCM', '0329015239','T0007','N01')
INSERT INTO KHACH_HANG VALUEs ('KH008',N'Lý Hải',N'Băng',N'Nữ','1998-03-15',N'Quận 2,TPHCM','0365242470','T0008','N06')
INSERT INTO KHACH_HANG VALUEs ('KH009',N'Nguyễn Văn', N'Duy', N'Nam','1994-01-10',N'Quận 1,TPHCM', '0973017777','T0009','N09')
INSERT INTO KHACH_HANG VALUEs ('KH010',N'Huỳnh Mai', N'Hoa',N'Nữ','2004-09-18',N'Thủ Đức', '0329015239','T0010','N10')
INSERT INTO KHACH_HANG VALUEs ('KH011',N'Châu Văn', N'Liêm', N'Nam','1993-10-23',N'Quận 5,TPHCM', '0947382002','T0011','N10')
INSERT INTO KHACH_HANG VALUEs ('KH012',N'Đặng Gia', N'Nghi', N'Nữ','1997-08-17',N'Quận 10,TPHCM', '0976893743','T0012','N06')

-- Bảng UU_DAI
INSERT INTO UU_DAI VALUEs ('D', '0')
INSERT INTO UU_DAI VALUEs ('B', '0.02')
INSERT INTO UU_DAI VALUEs ('V', '0.05')
INSERT INTO UU_DAI VALUEs ('BK', '0.1')
INSERT INTO UU_DAI VALUEs ('KC', '0.15')

-- Bảng THE_KHACH_HANG
INSERT INTO THE_KHACH_HANG VALUEs ('T0001', '3', 'D')
INSERT INTO THE_KHACH_HANG VALUEs ('T0002', '12', 'V') 
INSERT INTO THE_KHACH_HANG VALUEs ('T0003', '53', 'KC')
INSERT INTO THE_KHACH_HANG VALUEs ('T0004', '23', 'BK')
INSERT INTO THE_KHACH_HANG VALUEs ('T0005', '6', 'B')
INSERT INTO THE_KHACH_HANG VALUEs ('T0006', '18', 'V')
INSERT INTO THE_KHACH_HANG VALUEs ('T0007', '34', 'KC')
INSERT INTO THE_KHACH_HANG VALUEs ('T0008', '27', 'BK')
INSERT INTO THE_KHACH_HANG VALUEs ('T0009', '7', 'B')
INSERT INTO THE_KHACH_HANG VALUEs ('T0010', '1', 'D')
INSERT INTO THE_KHACH_HANG VALUEs ('T0011', '25', 'BK') 
INSERT INTO THE_KHACH_HANG VALUEs ('T0012', '9', 'B')

-- Bảng NHAN_HIEU
INSERT INTO NHAN_HIEU VALUEs ('NH001', 'Tiengoan', '0384920402')
INSERT INTO NHAN_HIEU VALUEs ('NH002', 'Lovito', '0990123456')
INSERT INTO NHAN_HIEU VALUEs ('NH003', 'Giordano', '0956789012')
INSERT INTO NHAN_HIEU VALUEs ('NH004', '20 Again', '0345678901')
INSERT INTO NHAN_HIEU VALUEs ('NH005', 'Alice', '0982747289' )
INSERT INTO NHAN_HIEU VALUEs ('NH006', 'Kamong', '09082564780')
INSERT INTO NHAN_HIEU VALUEs ('NH007', 'Rechic', '0918580387')
INSERT INTO NHAN_HIEU VALUEs ('NH008', 'Dottie', '0768356544')

-- Bảng LOAI_SAN_PHAM
INSERT INTO LOAI_SAN_PHAM VALUEs ('ML001', N'Áo')
INSERT INTO LOAI_SAN_PHAM VALUEs ('ML002', N'Quần')
INSERT INTO LOAI_SAN_PHAM VALUEs ('ML003', N'Áo khoác-Hoodie')
INSERT INTO LOAI_SAN_PHAM VALUEs ('ML004', N'Chân váy')
INSERT INTO LOAI_SAN_PHAM VALUEs ('ML005', N'Đầm')

-- Bảng SAN_PHAM
INSERT INTO SAN_PHAM VALUEs ('SP001', 'M', N'Áo khoác zip kéo', N'Nỉ bông', '75', '300000', '240000','ML003','NH001')
INSERT INTO SAN_PHAM VALUEs ('SP002', 'S', N'Áo thun Unisex', N'Cotton', '80', '180000', '144000','ML001','NH001')
INSERT INTO SAN_PHAM VALUEs ('SP003', 'S', N'Quần đùi lưng thun', N'Denim', '86','169000', '135200','ML002','NH002')
INSERT INTO SAN_PHAM VALUEs ('SP004', 'M', N'Đầm hoa phối bèo', N'Lụa', '62', '289000', '231200','ML005','NH003')
INSERT INTO SAN_PHAM VALUEs ('SP005', 'S', N'Chân váy xếp ly', N'Kaki', '74', '199000', '159200','ML004','NH004')
INSERT INTO SAN_PHAM VALUEs ('SP006', 'L', N'Áo khoác Jean form rộng', N'Denim', '65', '389000', '311200','ML003','NH005')
INSERT INTO SAN_PHAM VALUEs ('SP007', 'L', N'Hoodie zip form rộng Unisex', N'Nỉ bông', '70', '249000', '199200','ML003','NH006')
INSERT INTO SAN_PHAM VALUEs ('SP008', 'M', N'Áo sơ mi kẻ sọc', N'Kate', '82','289000', '231200','ML001','NH006')
INSERT INTO SAN_PHAM VALUEs ('SP009', 'S', N'Quần ống rộng cạp cao', N'Denim', '66', '239000', '191200','ML002','NH007')
INSERT INTO SAN_PHAM VALUEs ('SP010', 'L', N'Đầm xoè cổ vuông', N'Nhung', '78', '219000', '175200','ML005','NH008')

-- Bảng HOA_DON
INSERT INTO HOA_DON VALUEs ('HD001','2023-07-02', 'N05', 'KH001', 'D', '938000', '938000')
INSERT INTO HOA_DON VALUEs ('HD002','2023-07-02', 'N05', 'KH002', 'V', '289000', '274550')
INSERT INTO HOA_DON VALUEs ('HD003','2023-07-04', 'N07', 'KH003','KC', '1077000', '915450')
INSERT INTO HOA_DON VALUEs ('HD004','2023-07-04', 'N07', 'KH004','BK', '507000', '456300')
INSERT INTO HOA_DON VALUEs ('HD005','2023-07-04', 'N07', 'KH005','B', '797000', '781060')
INSERT INTO HOA_DON VALUEs ('HD006','2023-07-10', 'N07', 'KH006','V', '796000', '756200')
INSERT INTO HOA_DON VALUEs ('HD007','2023-07-12', 'N07', 'KH007','KC', '1256000', '1067600')
INSERT INTO HOA_DON VALUEs ('HD008','2023-07-12', 'N07', 'KH008','BK', '180000', '162000')
INSERT INTO HOA_DON VALUEs ('HD009','2023-08-16', 'N05', 'KH009','B', '169000', '165620')
INSERT INTO HOA_DON VALUEs ('HD010','2023-08-17', 'N05', 'KH010','D', '1775000', '1775000')
INSERT INTO HOA_DON VALUEs ('HD011','2023-08-20', 'N05', 'KH011','BK', '528000', '4752000')
INSERT INTO HOA_DON VALUEs ('HD012','2023-08-20', 'N05', 'KH012','B', '687000', '673260')

-- Bảng CHI_TIET_HD
INSERT INTO CHI_TIET_HD VALUEs ('HD001', 'SP001', 'M', '2')
INSERT INTO CHI_TIET_HD VALUEs ('HD001', 'SP003', 'S', '2')
INSERT INTO CHI_TIET_HD VALUEs ('HD002', 'SP004', 'M', '1')
INSERT INTO CHI_TIET_HD VALUEs ('HD003', 'SP005','S', '3');
INSERT INTO CHI_TIET_HD VALUEs ('HD003', 'SP001', 'M', '1')
INSERT INTO CHI_TIET_HD VALUEs ('HD003', 'SP002', 'S', '1')
INSERT INTO CHI_TIET_HD VALUEs ('HD004', 'SP003', 'S', '3')
INSERT INTO CHI_TIET_HD VALUEs ('HD005', 'SP004', 'M','2')
INSERT INTO CHI_TIET_HD VALUEs ('HD005', 'SP010', 'L', '1')
INSERT INTO CHI_TIET_HD VALUEs ('HD006', 'SP005', 'S', '4')
INSERT INTO CHI_TIET_HD VALUEs ('HD007', 'SP006', 'L', '1')
INSERT INTO CHI_TIET_HD VALUEs ('HD007', 'SP008', 'L', '3')
INSERT INTO CHI_TIET_HD VALUEs ('HD008', 'SP002', 'S', '1')
INSERT INTO CHI_TIET_HD VALUEs ('HD009', 'SP003', 'S', '1')
INSERT INTO CHI_TIET_HD VALUEs ('HD010', 'SP001', 'M', '2')
INSERT INTO CHI_TIET_HD VALUEs ('HD010', 'SP005', 'S', '3')
INSERT INTO CHI_TIET_HD VALUEs ('HD010', 'SP008', 'M', '2')
INSERT INTO CHI_TIET_HD VALUEs ('HD011', 'SP009', 'S', '1')
INSERT INTO CHI_TIET_HD VALUEs ('HD011', 'SP008', 'M', '1')
INSERT INTO CHI_TIET_HD VALUEs ('HD012', 'SP007', 'L', '1')
INSERT INTO CHI_TIET_HD VALUEs ('HD012', 'SP010', 'L', '2')

-- Bảng PHIEU_DAT_HANG
INSERT INTO PHIEU_DAT_HANG VALUEs ('PD001','2023-11-01','8880000','N03','SP001','M','37','NH001')
INSERT INTO PHIEU_DAT_HANG VALUEs ('PD002','2023-12-24','5760000','N03','SP002','S','40','NH001')
INSERT INTO PHIEU_DAT_HANG VALUEs ('PD003','2023-09-22','7300800','N03','SP003','S','54','NH002')
INSERT INTO PHIEU_DAT_HANG VALUEs ('PD004','2023-07-14','7167200','N03','SP004','M','31','NH003')
INSERT INTO PHIEU_DAT_HANG VALUEs ('PD005','2023-09-12','6845600','N03','SP005','S','43','NH004')

-- Bảng PHIEU_NHAP_HANG
INSERT INTO PHIEU_NHAP_HANG VALUEs ('PN001','2023-11-02','37','N04','SP001','M','PD001')
INSERT INTO PHIEU_NHAP_HANG VALUEs ('PN002','2023-12-25','40','N02','SP002','S','PD002')
INSERT INTO PHIEU_NHAP_HANG VALUEs ('PN003','2023-09-23','54','N08','SP003','S','PD003')
INSERT INTO PHIEU_NHAP_HANG VALUEs ('PN004','2023-07-15','31','N04','SP004','M','PD004')
INSERT INTO PHIEU_NHAP_HANG VALUEs ('PN005','2023-09-13','43','N02','SP005','S','PD005')

-- Bảng PHIEU_KIEM_TON_KHO
INSERT INTO PHIEU_KIEM_TON_KHO VALUEs ('KTH001','2023-11-01','N02')
INSERT INTO PHIEU_KIEM_TON_KHO VALUEs ('KTH002','2023-12-24','N04')
INSERT INTO PHIEU_KIEM_TON_KHO VALUEs ('KTH003','2023-09-22','N04')
INSERT INTO PHIEU_KIEM_TON_KHO VALUEs ('KTH004','2023-07-14','N08')
INSERT INTO PHIEU_KIEM_TON_KHO VALUEs ('KTH005','2023-09-12','N02')

-- Bảng CHI_TIET_TK
INSERT INTO CHI_TIET_TK VALUEs ('SP001','M','KTH001','37','38')
INSERT INTO CHI_TIET_TK VALUEs ('SP002','S','KTH002','40','40')
INSERT INTO CHI_TIET_TK VALUEs ('SP003','S','KTH003','54','32')
INSERT INTO CHI_TIET_TK VALUEs ('SP004','M','KTH004','31','31')
INSERT INTO CHI_TIET_TK VALUEs ('SP005','S','KTH005','43','31')


